<?xml version="1.0" encoding="utf-8"?>
<!--/952096/950240/2.49/2/4/Fuse/-->
<quadcept_library>
  <setting unit="mil" />
  <textstyle name="Default" height="47.244094488189" strokewidth="7.8740157480315" charwidth="47.244094488189" />
  <textstyle name="Dimension" height="19.6850393700787" strokewidth="0" charwidth="19.6850393700787" />
  <textstyle name="H127W0635TH00762" height="50" strokewidth="3" charwidth="25" />
  <textstyle name="H15W15TH02" height="59.0551181102362" strokewidth="7.8740157480315" charwidth="59.0551181102362" />
  <padstyle name="c150_h100" surface="False" plated="True" isvia="False" nopaste="True" nomask="True" complex="False" holesize="39.370078740157">
    <padshape layer="TOP" shape="round" width="59.055118110235" height="59.055118110235" />
    <padshape layer="TOP_SOLDER_MASK" shape="round" width="66.929133858267" height="66.929133858267" />
    <padshape layer="INNER" shape="round" width="59.055118110235" height="59.055118110235" />
    <padshape layer="BOTTOM" shape="round" width="59.055118110235" height="59.055118110235" />
    <padshape layer="BOTTOM_SOLDER_MASK" shape="round" width="66.929133858267" height="66.929133858267" />
  </padstyle>
  <footprint name="38312000000" originx="0" originy="0" pickpointx="0" pickpointy="0">
    <pcbpin number="1" name="1" style="c150_h100" originx="0" originy="0" rotation="90" />
    <pcbpin number="2" name="2" style="c150_h100" originx="200" originy="0" rotation="90" />
    <line layer="TOP_PLACE_BOUND" originx="-106.69291338583" originy="206.69291338582" endx="306.69291338582" endy="206.69291338582" width="3.9370078740157" />
    <line layer="TOP_PLACE_BOUND" originx="306.69291338582" originy="206.69291338582" endx="306.69291338582" endy="-206.69291338582" width="3.9370078740157" />
    <line layer="TOP_PLACE_BOUND" originx="306.69291338582" originy="-206.69291338582" endx="-106.69291338583" endy="-206.69291338582" width="3.9370078740157" />
    <line layer="TOP_PLACE_BOUND" originx="-106.69291338583" originy="-206.69291338582" endx="-106.69291338583" endy="206.69291338582" width="3.9370078740157" />
    <line layer="TOP_ASSEMBLY" originx="-67.322834645668" originy="0" endx="-67.322834645668" endy="0" width="3.9370078740157" />
    <arc layer="TOP_ASSEMBLY" originx="99.999999999999" originy="0" startangle="180.0" sweepangle="180.0" radius="167.32283464567" width="3.9370078740157" />
    <line layer="TOP_ASSEMBLY" originx="267.32283464567" originy="0" endx="267.32283464567" endy="0" width="3.9370078740157" />
    <arc layer="TOP_ASSEMBLY" originx="99.999999999999" originy="0" startangle=".0" sweepangle="180.0" radius="167.32283464567" width="3.9370078740157" />
    <line layer="TOP_SILKSCREEN" originx="-67.322834645668" originy="0" endx="-67.322834645668" endy="0" width="7.8740157480314" />
    <arc layer="TOP_SILKSCREEN" originx="99.999999999999" originy="0" startangle="180.0" sweepangle="180.0" radius="167.32283464567" width="7.8740157480314" />
    <line layer="TOP_SILKSCREEN" originx="267.32283464567" originy="0" endx="267.32283464567" endy="0" width="7.8740157480314" />
    <arc layer="TOP_SILKSCREEN" originx="99.999999999999" originy="0" startangle=".0" sweepangle="180.0" radius="167.32283464567" width="7.8740157480314" />
  </footprint>
  <symbol name="38312000000" originx="0" originy="0">
    <line originx="200" originy="50" endx="500" endy="50" width="0" />
    <line originx="500" originy="-50" endx="500" endy="50" width="0" />
    <line originx="500" originy="-50" endx="200" endy="-50" width="0" />
    <line originx="200" originy="50" endx="200" endy="-50" width="0" />
    <line originx="200" originy="0" endx="500" endy="0" width="0" />
    <sympin number="1" originx="200" originy="0" rotation="180" length="100" width="7.8740157480315" flipped="False">
      <text name="pinname" originx="0" originy="-10" style="Default" rotation="0" justify="upperleft" flipped="False" hidden="True" data="1" />
      <text name="pindes" originx="0" originy="10" style="Default" rotation="0" justify="lowerleft" flipped="False" hidden="False" data="1" />
    </sympin>
    <sympin number="2" originx="500" originy="0" rotation="0" length="100" width="7.8740157480315" flipped="False">
      <text name="pinname" originx="700" originy="-10" style="Default" rotation="0" justify="upperright" flipped="False" hidden="True" data="2" />
      <text name="pindes" originx="700" originy="10" style="Default" rotation="0" justify="lowerright" flipped="False" hidden="False" data="2" />
    </sympin>
  </symbol>
  <component name="38312000000" designatorprefix="F" height="314.96062992126" footprint="38312000000">
    <comppin designator="1" sympin="1" pinswap="0" gateswap="0" gate="1" group="1" side="" type="Any" name="1" />
    <comppin designator="2" sympin="2" pinswap="0" gateswap="0" gate="1" group="1" side="" type="Any" name="2" />
    <attached_symbol gate="1" name="38312000000" />
    <pinmap designator="1" footprintpin="1" />
    <pinmap designator="2" footprintpin="2" />
    <text name="Datasheet" originx="0" originy="0" style="Default" rotation="0" justify="" flipped="False" hidden="True" data="https://ms.componentsearchengine.com/Datasheets/2/38312000000.pdf" />
    <text name="Description" originx="0" originy="0" style="Default" rotation="0" justify="" flipped="False" hidden="True" data="Fuses with Leads (Through Hole) 300V UL TL TR5 LL 2A" />
    <text name="Manufacturer_Name" originx="0" originy="0" style="Default" rotation="0" justify="" flipped="False" hidden="True" data="LITTELFUSE" />
    <text name="Manufacturer_Part_Number" originx="550" originy="150" style="Default" rotation="0" justify="left" flipped="False" hidden="False" data="38312000000" />
    <text name="Mouser Part Number" originx="0" originy="0" style="Default" rotation="0" justify="" flipped="False" hidden="True" data="576-38312000000" />
    <text name="Mouser Price/Stock" originx="0" originy="0" style="Default" rotation="0" justify="" flipped="False" hidden="True" data="https://www.mouser.com/Search/Refine.aspx?Keyword=576-38312000000" />
    <text name="Arrow Part Number" originx="0" originy="0" style="Default" rotation="0" justify="" flipped="False" hidden="True" data="38312000000" />
    <text name="Arrow Price/Stock" originx="0" originy="0" style="Default" rotation="0" justify="" flipped="False" hidden="True" data="https://www.arrow.com/en/products/38312000000/littelfuse" />
  </component>
</quadcept_library>
