<?xml version="1.0" encoding="utf-8"?>
<!--/1501356/950240/2.49/2/2/Schottky Diode/-->
<quadcept_library>
  <setting unit="mil" />
  <textstyle name="Default" height="47.244094488189" strokewidth="7.8740157480315" charwidth="47.244094488189" />
  <textstyle name="Dimension" height="19.6850393700787" strokewidth="0" charwidth="19.6850393700787" />
  <textstyle name="H127W0635TH00762" height="50" strokewidth="3" charwidth="25" />
  <textstyle name="H15W15TH02" height="59.0551181102362" strokewidth="7.8740157480315" charwidth="59.0551181102362" />
  <padstyle name="c165_h110" surface="False" plated="True" isvia="False" nopaste="True" nomask="True" complex="False" holesize="43.307086614173">
    <padshape layer="TOP" shape="round" width="64.960629921259" height="64.960629921259" />
    <padshape layer="TOP_SOLDER_MASK" shape="round" width="72.83464566929" height="72.83464566929" />
    <padshape layer="INNER" shape="round" width="64.960629921259" height="64.960629921259" />
    <padshape layer="BOTTOM" shape="round" width="64.960629921259" height="64.960629921259" />
    <padshape layer="BOTTOM_SOLDER_MASK" shape="round" width="72.83464566929" height="72.83464566929" />
  </padstyle>
  <padstyle name="s165_h110" surface="False" plated="True" isvia="False" nopaste="True" nomask="True" complex="False" holesize="43.307086614173">
    <padshape layer="TOP" shape="square" width="64.960629921259" height="64.960629921259" />
    <padshape layer="TOP_SOLDER_MASK" shape="square" width="72.83464566929" height="72.83464566929" />
    <padshape layer="INNER" shape="round" width="64.960629921259" height="64.960629921259" />
    <padshape layer="BOTTOM" shape="square" width="64.960629921259" height="64.960629921259" />
    <padshape layer="BOTTOM_SOLDER_MASK" shape="square" width="72.83464566929" height="72.83464566929" />
  </padstyle>
  <footprint name="DIOAD1936W88L640D324" originx="0" originy="0" pickpointx="0" pickpointy="0">
    <pcbpin number="1" name="1" style="s165_h110" originx="0" originy="0" rotation="90" />
    <pcbpin number="2" name="2" style="c165_h110" originx="763.77952755905" originy="0" rotation="90" />
    <line layer="TOP_PLACE_BOUND" originx="-42.322834645669" originy="77.559055118109" endx="806.10236220471" endy="77.559055118109" width="1.9685039370079" />
    <line layer="TOP_PLACE_BOUND" originx="806.10236220471" originy="77.559055118109" endx="806.10236220471" endy="-77.559055118109" width="1.9685039370079" />
    <line layer="TOP_PLACE_BOUND" originx="806.10236220471" originy="-77.559055118109" endx="-42.322834645669" endy="-77.559055118109" width="1.9685039370079" />
    <line layer="TOP_PLACE_BOUND" originx="-42.322834645669" originy="-77.559055118109" endx="-42.322834645669" endy="77.559055118109" width="1.9685039370079" />
    <line layer="TOP_ASSEMBLY" originx="255.90551181102" originy="63.779527559054" endx="507.87401574803" endy="63.779527559054" width="3.9370078740157" />
    <line layer="TOP_ASSEMBLY" originx="507.87401574803" originy="63.779527559054" endx="507.87401574803" endy="-63.779527559054" width="3.9370078740157" />
    <line layer="TOP_ASSEMBLY" originx="507.87401574803" originy="-63.779527559054" endx="255.90551181102" endy="-63.779527559054" width="3.9370078740157" />
    <line layer="TOP_ASSEMBLY" originx="255.90551181102" originy="-63.779527559054" endx="255.90551181102" endy="63.779527559054" width="3.9370078740157" />
    <line layer="TOP_ASSEMBLY" originx="255.90551181102" originy="0" endx="319.68503937007" endy="63.779527559054" width="3.9370078740157" />
    <line layer="TOP_ASSEMBLY" originx="0" originy="0" endx="255.90551181102" endy="0" width="3.9370078740157" />
    <line layer="TOP_ASSEMBLY" originx="507.87401574803" originy="0" endx="763.77952755905" endy="0" width="3.9370078740157" />
    <line layer="TOP_SILKSCREEN" originx="255.90551181102" originy="63.779527559054" endx="507.87401574803" endy="63.779527559054" width="7.8740157480314" />
    <line layer="TOP_SILKSCREEN" originx="507.87401574803" originy="63.779527559054" endx="507.87401574803" endy="-63.779527559054" width="7.8740157480314" />
    <line layer="TOP_SILKSCREEN" originx="507.87401574803" originy="-63.779527559054" endx="255.90551181102" endy="-63.779527559054" width="7.8740157480314" />
    <line layer="TOP_SILKSCREEN" originx="255.90551181102" originy="-63.779527559054" endx="255.90551181102" endy="63.779527559054" width="7.8740157480314" />
    <line layer="TOP_SILKSCREEN" originx="255.90551181102" originy="0" endx="319.68503937007" endy="63.779527559054" width="7.8740157480314" />
    <line layer="TOP_SILKSCREEN" originx="46.259842519684" originy="0" endx="255.90551181102" endy="0" width="7.8740157480314" />
    <line layer="TOP_SILKSCREEN" originx="507.87401574803" originy="0" endx="717.51968503936" endy="0" width="7.8740157480314" />
  </footprint>
  <symbol name="STPS3L60QRL" originx="0" originy="0">
    <line originx="300" originy="100" endx="300" endy="-100" width="0" />
    <line originx="300" originy="100" endx="340" endy="100" width="0" />
    <line originx="340" originy="60" endx="340" endy="100" width="0" />
    <line originx="300" originy="-100" endx="260" endy="-100" width="0" />
    <line originx="260" originy="-60" endx="260" endy="-100" width="0" />
    <line originx="200" originy="0" endx="300" endy="0" width="0" />
    <line originx="500" originy="0" endx="600" endy="0" width="0" />
    <sympin number="1" originx="200" originy="0" rotation="180" length="100" width="7.8740157480315" flipped="False">
      <text name="pinname" originx="240" originy="10" style="Default" rotation="0" justify="left" flipped="False" hidden="True" data="K" />
      <text name="pindes" originx="160" originy="10" style="Default" rotation="0" justify="lowerright" flipped="False" hidden="False" data="1" />
    </sympin>
    <sympin number="2" originx="600" originy="0" rotation="0" length="100" width="7.8740157480315" flipped="False">
      <text name="pinname" originx="560" originy="10" style="Default" rotation="0" justify="right" flipped="False" hidden="True" data="A" />
      <text name="pindes" originx="640" originy="10" style="Default" rotation="0" justify="lowerleft" flipped="False" hidden="False" data="2" />
    </sympin>
    <polygon type="polygon">
      <point x="300" y="0" />
      <point x="500" y="100" />
      <point x="500" y="-100" />
    </polygon>
  </symbol>
  <component name="STPS3L60QRL" designatorprefix="D" height="0" footprint="DIOAD1936W88L640D324">
    <comppin designator="1" sympin="1" pinswap="0" gateswap="0" gate="1" group="1" side="" type="Any" name="K" />
    <comppin designator="2" sympin="2" pinswap="0" gateswap="0" gate="1" group="1" side="" type="Any" name="A" />
    <attached_symbol gate="1" name="STPS3L60QRL" />
    <pinmap designator="1" footprintpin="1" />
    <pinmap designator="2" footprintpin="2" />
    <text name="Datasheet" originx="0" originy="0" style="Default" rotation="0" justify="" flipped="False" hidden="True" data="https://www.st.com/resource/en/datasheet/stps3l60.pdf" />
    <text name="Description" originx="0" originy="0" style="Default" rotation="0" justify="" flipped="False" hidden="True" data="60 V, 3 A Low Drop Power Schottky Rectifier" />
    <text name="Manufacturer_Name" originx="0" originy="0" style="Default" rotation="0" justify="" flipped="False" hidden="True" data="STMicroelectronics" />
    <text name="Manufacturer_Part_Number" originx="500" originy="250" style="Default" rotation="0" justify="left" flipped="False" hidden="False" data="STPS3L60QRL" />
    <text name="Mouser Part Number" originx="0" originy="0" style="Default" rotation="0" justify="" flipped="False" hidden="True" data="511-STPS3L60QRL" />
    <text name="Mouser Price/Stock" originx="0" originy="0" style="Default" rotation="0" justify="" flipped="False" hidden="True" data="https://www.mouser.co.uk/ProductDetail/STMicroelectronics/STPS3L60QRL?qs=vpeetiVAALdpnS15p08PdA%3D%3D" />
    <text name="Arrow Part Number" originx="0" originy="0" style="Default" rotation="0" justify="" flipped="False" hidden="True" data="STPS3L60QRL" />
    <text name="Arrow Price/Stock" originx="0" originy="0" style="Default" rotation="0" justify="" flipped="False" hidden="True" data="https://www.arrow.com/en/products/stps3l60qrl/stmicroelectronics?region=nac" />
  </component>
</quadcept_library>
