<?xml version="1.0" encoding="utf-8"?>
<!--/259832/950240/2.49/2/2/Varistor/-->
<quadcept_library>
  <setting unit="mil" />
  <textstyle name="Default" height="47.244094488189" strokewidth="7.8740157480315" charwidth="47.244094488189" />
  <textstyle name="Dimension" height="19.6850393700787" strokewidth="0" charwidth="19.6850393700787" />
  <textstyle name="H127W0635TH00762" height="50" strokewidth="3" charwidth="25" />
  <textstyle name="H15W15TH02" height="59.0551181102362" strokewidth="7.8740157480315" charwidth="59.0551181102362" />
  <padstyle name="s150_h100" surface="False" plated="True" isvia="False" nopaste="True" nomask="True" complex="False" holesize="39.370078740157">
    <padshape layer="TOP" shape="square" width="59.055118110235" height="59.055118110235" />
    <padshape layer="TOP_SOLDER_MASK" shape="square" width="66.929133858267" height="66.929133858267" />
    <padshape layer="INNER" shape="square" width="59.055118110235" height="59.055118110235" />
    <padshape layer="BOTTOM" shape="square" width="59.055118110235" height="59.055118110235" />
    <padshape layer="BOTTOM_SOLDER_MASK" shape="square" width="66.929133858267" height="66.929133858267" />
  </padstyle>
  <padstyle name="c150_h100" surface="False" plated="True" isvia="False" nopaste="True" nomask="True" complex="False" holesize="39.370078740157">
    <padshape layer="TOP" shape="round" width="59.055118110235" height="59.055118110235" />
    <padshape layer="TOP_SOLDER_MASK" shape="round" width="66.929133858267" height="66.929133858267" />
    <padshape layer="INNER" shape="round" width="59.055118110235" height="59.055118110235" />
    <padshape layer="BOTTOM" shape="round" width="59.055118110235" height="59.055118110235" />
    <padshape layer="BOTTOM_SOLDER_MASK" shape="round" width="66.929133858267" height="66.929133858267" />
  </padstyle>
  <footprint name="B72214P2351K101" originx="0" originy="0" pickpointx="0" pickpointy="0">
    <pcbpin number="1" name="1" style="s150_h100" originx="0" originy="0" rotation="90" />
    <pcbpin number="2" name="2" style="c150_h100" originx="295.27559055118" originy="-153.54330708661" rotation="90" />
    <line layer="TOP_PLACE_BOUND" originx="-216.53543307086" originy="94.488188976377" endx="511.81102362204" endy="94.488188976377" width="3.9370078740157" />
    <line layer="TOP_PLACE_BOUND" originx="511.81102362204" originy="94.488188976377" endx="511.81102362204" endy="-248.03149606299" width="3.9370078740157" />
    <line layer="TOP_PLACE_BOUND" originx="511.81102362204" originy="-248.03149606299" endx="-216.53543307086" endy="-248.03149606299" width="3.9370078740157" />
    <line layer="TOP_PLACE_BOUND" originx="-216.53543307086" originy="-248.03149606299" endx="-216.53543307086" endy="94.488188976377" width="3.9370078740157" />
    <line layer="TOP_ASSEMBLY" originx="-45.275590551181" originy="55.11811023622" endx="340.55118110236" endy="55.11811023622" width="3.9370078740157" />
    <line layer="TOP_ASSEMBLY" originx="340.55118110236" originy="55.11811023622" endx="340.55118110236" endy="55.11811023622" width="3.9370078740157" />
    <arc layer="TOP_ASSEMBLY" originx="340.55118110236" originy="-76.771653543306" startangle="90.0" sweepangle="-180.0" radius="131.88976377953" width="3.9370078740157" />
    <line layer="TOP_ASSEMBLY" originx="340.55118110236" originy="-208.66141732283" endx="-45.275590551181" endy="-208.66141732283" width="3.9370078740157" />
    <line layer="TOP_ASSEMBLY" originx="-45.275590551181" originy="-208.66141732283" endx="-45.275590551181" endy="-208.66141732283" width="3.9370078740157" />
    <arc layer="TOP_ASSEMBLY" originx="-45.275590551181" originy="-76.771653543306" startangle="-90.0" sweepangle="-180.0" radius="131.88976377953" width="3.9370078740157" />
    <line layer="TOP_SILKSCREEN" originx="-45.275590551181" originy="55.11811023622" endx="-45.275590551181" endy="55.11811023622" width="7.8740157480314" />
    <arc layer="TOP_SILKSCREEN" originx="-45.275590551181" originy="-76.771653543306" startangle="90.0" sweepangle="180.0" radius="131.88976377953" width="7.8740157480314" />
    <line layer="TOP_SILKSCREEN" originx="-45.275590551181" originy="-208.66141732283" endx="340.55118110236" endy="-208.66141732283" width="7.8740157480314" />
    <line layer="TOP_SILKSCREEN" originx="340.55118110236" originy="-208.66141732283" endx="340.55118110236" endy="-208.66141732283" width="7.8740157480314" />
    <arc layer="TOP_SILKSCREEN" originx="340.55118110236" originy="-76.771653543306" startangle="-90.0" sweepangle="180.0" radius="131.88976377953" width="7.8740157480314" />
    <line layer="TOP_SILKSCREEN" originx="340.55118110236" originy="55.11811023622" endx="-45.275590551181" endy="55.11811023622" width="7.8740157480314" />
    <line layer="TOP_SILKSCREEN" originx="0" originy="78.740157480314" endx="0" endy="78.740157480314" width="3.9370078740157" />
    <arc layer="TOP_SILKSCREEN" originx="1.6391087961985E-15" originy="76.771653543306" startangle="90.0" sweepangle="180.0" radius="1.9685039370079" width="3.9370078740157" />
    <line layer="TOP_SILKSCREEN" originx="0" originy="74.803149606298" endx="0" endy="74.803149606298" width="3.9370078740157" />
    <arc layer="TOP_SILKSCREEN" originx="1.6391087961985E-15" originy="76.771653543306" startangle="-90.0" sweepangle="180.0" radius="1.9685039370079" width="3.9370078740157" />
  </footprint>
  <symbol name="B72214P2351K101" originx="0" originy="0">
    <line originx="200" originy="50" endx="500" endy="50" width="0" />
    <line originx="500" originy="-50" endx="500" endy="50" width="0" />
    <line originx="500" originy="-50" endx="200" endy="-50" width="0" />
    <line originx="200" originy="50" endx="200" endy="-50" width="0" />
    <line originx="150" originy="-100" endx="250" endy="-100" width="0" />
    <line originx="450" originy="100" endx="250" endy="-100" width="0" />
    <line originx="450" originy="100" endx="550" endy="100" width="0" />
    <sympin number="1" originx="200" originy="0" rotation="180" length="100" width="7.8740157480315" flipped="False">
      <text name="pinname" originx="0" originy="-10" style="Default" rotation="0" justify="upperleft" flipped="False" hidden="True" data="1" />
      <text name="pindes" originx="0" originy="10" style="Default" rotation="0" justify="lowerleft" flipped="False" hidden="False" data="1" />
    </sympin>
    <sympin number="2" originx="500" originy="0" rotation="0" length="100" width="7.8740157480315" flipped="False">
      <text name="pinname" originx="700" originy="-10" style="Default" rotation="0" justify="upperright" flipped="False" hidden="True" data="2" />
      <text name="pindes" originx="700" originy="10" style="Default" rotation="0" justify="lowerright" flipped="False" hidden="False" data="2" />
    </sympin>
  </symbol>
  <component name="B72214P2351K101" designatorprefix="RV" height="807.08661417322" footprint="B72214P2351K101">
    <comppin designator="1" sympin="1" pinswap="0" gateswap="0" gate="1" group="1" side="" type="Any" name="1" />
    <comppin designator="2" sympin="2" pinswap="0" gateswap="0" gate="1" group="1" side="" type="Any" name="2" />
    <attached_symbol gate="1" name="B72214P2351K101" />
    <pinmap designator="1" footprintpin="1" />
    <pinmap designator="2" footprintpin="2" />
    <text name="Datasheet" originx="0" originy="0" style="Default" rotation="0" justify="" flipped="False" hidden="True" data="https://product.tdk.com/system/files/dam/doc/product/protection/voltage/lead-disk-varistor/data_sheet/70/db/var/siov_leaded_advanced_mp_14mm.pdf" />
    <text name="Description" originx="0" originy="0" style="Default" rotation="0" justify="" flipped="False" hidden="True" data="Leaded Disk Varistors, Max. Operating Voltage [AC]=350Vrms, Max. Surge Current Imax(8/20us,1time)=6000A" />
    <text name="Manufacturer_Name" originx="0" originy="0" style="Default" rotation="0" justify="" flipped="False" hidden="True" data="TDK" />
    <text name="Manufacturer_Part_Number" originx="550" originy="150" style="Default" rotation="0" justify="left" flipped="False" hidden="False" data="B72214P2351K101" />
    <text name="Mouser Part Number" originx="0" originy="0" style="Default" rotation="0" justify="" flipped="False" hidden="True" data="871-B72214P2351K101" />
    <text name="Mouser Price/Stock" originx="0" originy="0" style="Default" rotation="0" justify="" flipped="False" hidden="True" data="https://www.mouser.co.uk/ProductDetail/EPCOS-TDK/B72214P2351K101?qs=lGUynpphgXw50o1LqiJuSg%3D%3D" />
    <text name="Arrow Part Number" originx="0" originy="0" style="Default" rotation="0" justify="" flipped="False" hidden="True" data="B72214P2351K101" />
    <text name="Arrow Price/Stock" originx="0" originy="0" style="Default" rotation="0" justify="" flipped="False" hidden="True" data="https://www.arrow.com/en/products/b72214p2351k101/epcos-tdk" />
  </component>
</quadcept_library>
