<?xml version="1.0" encoding="utf-8"?>
<!--/968732/950240/2.49/3/4/MOSFET (N-Channel)/-->
<quadcept_library>
  <setting unit="mil" />
  <textstyle name="Default" height="47.244094488189" strokewidth="7.8740157480315" charwidth="47.244094488189" />
  <textstyle name="Dimension" height="19.6850393700787" strokewidth="0" charwidth="19.6850393700787" />
  <textstyle name="H127W0635TH00762" height="50" strokewidth="3" charwidth="25" />
  <textstyle name="H15W15TH02" height="59.0551181102362" strokewidth="7.8740157480315" charwidth="59.0551181102362" />
  <padstyle name="c140_h90" surface="False" plated="True" isvia="False" nopaste="True" nomask="True" complex="False" holesize="35.433070866141">
    <padshape layer="TOP" shape="round" width="55.11811023622" height="55.11811023622" />
    <padshape layer="TOP_SOLDER_MASK" shape="round" width="62.992125984251" height="62.992125984251" />
    <padshape layer="INNER" shape="round" width="55.11811023622" height="55.11811023622" />
    <padshape layer="BOTTOM" shape="round" width="55.11811023622" height="55.11811023622" />
    <padshape layer="BOTTOM_SOLDER_MASK" shape="round" width="62.992125984251" height="62.992125984251" />
  </padstyle>
  <footprint name="BS270" originx="0" originy="0" pickpointx="0" pickpointy="0">
    <pcbpin number="1" name="1" style="c140_h90" originx="0" originy="0" rotation="90" />
    <pcbpin number="2" name="2" style="c140_h90" originx="49.999999999999" originy="49.999999999999" rotation="90" />
    <pcbpin number="3" name="3" style="c140_h90" originx="99.999999999999" originy="0" rotation="90" />
    <line layer="TOP_ASSEMBLY" originx="-38.779527559055" originy="74.999999999999" endx="138.77952755905" endy="74.999999999999" width="7.8740157480314" />
    <line layer="TOP_ASSEMBLY" originx="138.77952755905" originy="74.999999999999" endx="138.77952755905" endy="-64.370078740157" width="7.8740157480314" />
    <line layer="TOP_ASSEMBLY" originx="138.77952755905" originy="-64.370078740157" endx="-38.779527559055" endy="-64.370078740157" width="7.8740157480314" />
    <line layer="TOP_ASSEMBLY" originx="-38.779527559055" originy="-64.370078740157" endx="-38.779527559055" endy="74.999999999999" width="7.8740157480314" />
    <line layer="TOP_PLACE_BOUND" originx="-58.464566929133" originy="97.244094488188" endx="158.46456692913" endy="97.244094488188" width="3.9370078740157" />
    <line layer="TOP_PLACE_BOUND" originx="158.46456692913" originy="97.244094488188" endx="158.46456692913" endy="-84.055118110235" width="3.9370078740157" />
    <line layer="TOP_PLACE_BOUND" originx="158.46456692913" originy="-84.055118110235" endx="-58.464566929133" endy="-84.055118110235" width="3.9370078740157" />
    <line layer="TOP_PLACE_BOUND" originx="-58.464566929133" originy="-84.055118110235" endx="-58.464566929133" endy="97.244094488188" width="3.9370078740157" />
    <line layer="TOP_SILKSCREEN" originx="10.629921259842" originy="74.999999999999" endx="-38.779527559055" endy="74.999999999999" width="3.9370078740157" />
    <line layer="TOP_SILKSCREEN" originx="-38.779527559055" originy="74.999999999999" endx="-38.779527559055" endy="-62.79527559055" width="3.9370078740157" />
    <line layer="TOP_SILKSCREEN" originx="-38.779527559055" originy="-62.79527559055" endx="-38.779527559055" endy="-64.370078740157" width="3.9370078740157" />
    <line layer="TOP_SILKSCREEN" originx="-38.779527559055" originy="-64.370078740157" endx="138.77952755905" endy="-64.370078740157" width="3.9370078740157" />
    <line layer="TOP_SILKSCREEN" originx="138.77952755905" originy="-64.370078740157" endx="138.77952755905" endy="74.999999999999" width="3.9370078740157" />
    <line layer="TOP_SILKSCREEN" originx="138.77952755905" originy="74.999999999999" endx="89.370078740156" endy="74.999999999999" width="3.9370078740157" />
    <line layer="TOP_SILKSCREEN" originx="-51.181102362204" originy="1.9685039370079" endx="-51.181102362204" endy="1.9685039370079" width="3.9370078740157" />
    <arc layer="TOP_SILKSCREEN" originx="-51.181102362204" originy="0" startangle="90.0" sweepangle="-180.0" radius="1.9685039370079" width="3.9370078740157" />
    <line layer="TOP_SILKSCREEN" originx="-51.181102362204" originy="-1.9685039370079" endx="-51.181102362204" endy="-1.9685039370079" width="3.9370078740157" />
    <arc layer="TOP_SILKSCREEN" originx="-51.181102362204" originy="0" startangle="-90.0" sweepangle="-180.0" radius="1.9685039370079" width="3.9370078740157" />
  </footprint>
  <symbol name="BS270" originx="0" originy="0">
    <line originx="300" originy="100" endx="300" endy="-100" width="0" />
    <line originx="300" originy="200" endx="300" endy="300" width="0" />
    <line originx="100" originy="0" endx="200" endy="0" width="0" />
    <line originx="200" originy="200" endx="200" endy="0" width="0" />
    <line originx="300" originy="100" endx="230" endy="100" width="0" />
    <line originx="300" originy="200" endx="230" endy="200" width="0" />
    <line originx="230" originy="0" endx="300" endy="0" width="0" />
    <line originx="230" originy="220" endx="230" endy="180" width="0" />
    <line originx="230" originy="-20" endx="230" endy="20" width="0" />
    <line originx="230" originy="80" endx="230" endy="120" width="0" />
    <arc originx="250" originy="100" startangle="180" sweepangle="180" radius="150" width="0" />
    <arc originx="250" originy="100" startangle="180" sweepangle="-180" radius="150" width="0" />
    <sympin number="2" originx="100" originy="0" rotation="180" length="100" width="7.8740157480315" flipped="False">
      <text name="pinname" originx="0" originy="-20" style="Default" rotation="0" justify="upperleft" flipped="False" hidden="True" data="G" />
      <text name="pindes" originx="80" originy="10" style="Default" rotation="0" justify="lowerright" flipped="False" hidden="False" data="2" />
    </sympin>
    <sympin number="1" originx="300" originy="300" rotation="90" length="100" width="7.8740157480315" flipped="False">
      <text name="pinname" originx="320" originy="400" style="Default" rotation="90" justify="upperleft" flipped="False" hidden="True" data="D" />
      <text name="pindes" originx="280" originy="400" style="Default" rotation="90" justify="upperright" flipped="False" hidden="False" data="1" />
    </sympin>
    <sympin number="3" originx="300" originy="-100" rotation="270" length="100" width="7.8740157480315" flipped="False">
      <text name="pinname" originx="320" originy="-200" style="Default" rotation="90" justify="lowerleft" flipped="False" hidden="True" data="S" />
      <text name="pindes" originx="280" originy="-200" style="Default" rotation="90" justify="lowerright" flipped="False" hidden="False" data="3" />
    </sympin>
    <polygon type="polygon">
      <point x="230" y="100" />
      <point x="270" y="120" />
      <point x="270" y="80" />
    </polygon>
  </symbol>
  <component name="BS270" designatorprefix="Q" height="0" footprint="BS270">
    <comppin designator="1" sympin="1" pinswap="0" gateswap="0" gate="1" group="1" side="" type="Any" name="D" />
    <comppin designator="2" sympin="2" pinswap="0" gateswap="0" gate="1" group="1" side="" type="Any" name="G" />
    <comppin designator="3" sympin="3" pinswap="0" gateswap="0" gate="1" group="1" side="" type="Any" name="S" />
    <attached_symbol gate="1" name="BS270" />
    <pinmap designator="1" footprintpin="1" />
    <pinmap designator="2" footprintpin="2" />
    <pinmap designator="3" footprintpin="3" />
    <text name="Datasheet" originx="0" originy="0" style="Default" rotation="0" justify="" flipped="False" hidden="True" data="https://www.onsemi.com/pub/Collateral/BS270-D.PDF" />
    <text name="Description" originx="0" originy="0" style="Default" rotation="0" justify="" flipped="False" hidden="True" data="ON Semiconductor BS270 N-channel MOSFET, 400 mA, 60 V, 3-Pin TO-92" />
    <text name="Manufacturer_Name" originx="0" originy="0" style="Default" rotation="0" justify="" flipped="False" hidden="True" data="onsemi" />
    <text name="Manufacturer_Part_Number" originx="450" originy="50" style="Default" rotation="0" justify="left" flipped="False" hidden="False" data="BS270" />
    <text name="Mouser Part Number" originx="0" originy="0" style="Default" rotation="0" justify="" flipped="False" hidden="True" data="512-BS270" />
    <text name="Mouser Price/Stock" originx="0" originy="0" style="Default" rotation="0" justify="" flipped="False" hidden="True" data="https://www.mouser.co.uk/ProductDetail/ON-Semiconductor-Fairchild/BS270?qs=mdiO5HdF0KgJ7MEJoJK3sA%3D%3D" />
    <text name="Arrow Part Number" originx="0" originy="0" style="Default" rotation="0" justify="" flipped="False" hidden="True" data="BS270" />
    <text name="Arrow Price/Stock" originx="0" originy="0" style="Default" rotation="0" justify="" flipped="False" hidden="True" data="https://www.arrow.com/en/products/bs270/on-semiconductor?region=nac" />
  </component>
</quadcept_library>
