<?xml version="1.0" encoding="utf-8"?>
<!--/761387/950240/2.49/4/4/Relay or Contactor/-->
<quadcept_library>
  <setting unit="mil" />
  <textstyle name="Default" height="47.244094488189" strokewidth="7.8740157480315" charwidth="47.244094488189" />
  <textstyle name="Dimension" height="19.6850393700787" strokewidth="0" charwidth="19.6850393700787" />
  <textstyle name="H127W0635TH00762" height="50" strokewidth="3" charwidth="25" />
  <textstyle name="H15W15TH02" height="59.0551181102362" strokewidth="7.8740157480315" charwidth="59.0551181102362" />
  <padstyle name="c225_h150" surface="False" plated="True" isvia="False" nopaste="True" nomask="True" complex="False" holesize="59.055118110235">
    <padshape layer="TOP" shape="round" width="88.582677165353" height="88.582677165353" />
    <padshape layer="TOP_SOLDER_MASK" shape="round" width="96.456692913385" height="96.456692913385" />
    <padshape layer="INNER" shape="round" width="88.582677165353" height="88.582677165353" />
    <padshape layer="BOTTOM" shape="round" width="88.582677165353" height="88.582677165353" />
    <padshape layer="BOTTOM_SOLDER_MASK" shape="round" width="96.456692913385" height="96.456692913385" />
  </padstyle>
  <footprint name="G5LE1A4DC3" originx="0" originy="0" pickpointx="0" pickpointy="0">
    <pcbpin number="1" name="1" style="c225_h150" originx="-325.7874015748" originy="0" rotation="90" />
    <pcbpin number="2" name="2" style="c225_h150" originx="-247.04724409449" originy="236.22047244094" rotation="90" />
    <pcbpin number="3" name="3" style="c225_h150" originx="-247.04724409449" originy="-236.22047244094" rotation="90" />
    <pcbpin number="4" name="5" style="c225_h150" originx="227.40157480315" originy="-236.22047244094" rotation="90" />
    <line layer="TOP_ASSEMBLY" originx="-426.1811023622" originy="324.8031496063" endx="459.64566929133" endy="324.8031496063" width="7.8740157480314" />
    <line layer="TOP_ASSEMBLY" originx="459.64566929133" originy="324.8031496063" endx="459.64566929133" endy="-324.8031496063" width="7.8740157480314" />
    <line layer="TOP_ASSEMBLY" originx="459.64566929133" originy="-324.8031496063" endx="-426.1811023622" endy="-324.8031496063" width="7.8740157480314" />
    <line layer="TOP_ASSEMBLY" originx="-426.1811023622" originy="-324.8031496063" endx="-426.1811023622" endy="324.8031496063" width="7.8740157480314" />
    <line layer="TOP_SILKSCREEN" originx="-426.1811023622" originy="324.8031496063" endx="459.64566929133" endy="324.8031496063" width="3.9370078740157" />
    <line layer="TOP_SILKSCREEN" originx="459.64566929133" originy="324.8031496063" endx="459.64566929133" endy="-324.8031496063" width="3.9370078740157" />
    <line layer="TOP_SILKSCREEN" originx="459.64566929133" originy="-324.8031496063" endx="-426.1811023622" endy="-324.8031496063" width="3.9370078740157" />
    <line layer="TOP_SILKSCREEN" originx="-426.1811023622" originy="-324.8031496063" endx="-426.1811023622" endy="324.8031496063" width="3.9370078740157" />
    <line layer="TOP_PLACE_BOUND" originx="-499.01574803149" originy="364.17322834645" endx="499.01574803149" endy="364.17322834645" width="3.9370078740157" />
    <line layer="TOP_PLACE_BOUND" originx="499.01574803149" originy="364.17322834645" endx="499.01574803149" endy="-364.17322834645" width="3.9370078740157" />
    <line layer="TOP_PLACE_BOUND" originx="499.01574803149" originy="-364.17322834645" endx="-499.01574803149" endy="-364.17322834645" width="3.9370078740157" />
    <line layer="TOP_PLACE_BOUND" originx="-499.01574803149" originy="-364.17322834645" endx="-499.01574803149" endy="364.17322834645" width="3.9370078740157" />
    <line layer="TOP_SILKSCREEN" originx="-455.70866141732" originy="-3.9370078740157" endx="-455.70866141732" endy="-3.9370078740157" width="7.8740157480314" />
    <arc layer="TOP_SILKSCREEN" originx="-455.70866141732" originy="0" startangle="-90.0" sweepangle="-180.0" radius="3.9370078740157" width="7.8740157480314" />
    <line layer="TOP_SILKSCREEN" originx="-455.70866141732" originy="3.9370078740157" endx="-455.70866141732" endy="3.9370078740157" width="7.8740157480314" />
    <arc layer="TOP_SILKSCREEN" originx="-455.70866141732" originy="0" startangle="90.0" sweepangle="-180.0" radius="3.9370078740157" width="7.8740157480314" />
  </footprint>
  <symbol name="G5LE-1A4_DC3" originx="0" originy="0">
    <line originx="200" originy="100" endx="1100" endy="100" width="0" />
    <line originx="1100" originy="-200" endx="1100" endy="100" width="0" />
    <line originx="1100" originy="-200" endx="200" endy="-200" width="0" />
    <line originx="200" originy="100" endx="200" endy="-200" width="0" />
    <sympin number="1" originx="200" originy="0" rotation="180" length="100" width="7.8740157480315" flipped="False">
      <text name="pinname" originx="230" originy="0" style="Default" rotation="0" justify="left" flipped="False" hidden="False" data="COM" />
      <text name="pindes" originx="140" originy="20" style="Default" rotation="0" justify="lowerright" flipped="False" hidden="False" data="1" />
    </sympin>
    <sympin number="2" originx="200" originy="-100" rotation="180" length="100" width="7.8740157480315" flipped="False">
      <text name="pinname" originx="230" originy="-100" style="Default" rotation="0" justify="left" flipped="False" hidden="False" data="COIL_1" />
      <text name="pindes" originx="140" originy="-80" style="Default" rotation="0" justify="lowerright" flipped="False" hidden="False" data="2" />
    </sympin>
    <sympin number="3" originx="1100" originy="0" rotation="0" length="100" width="7.8740157480315" flipped="False">
      <text name="pinname" originx="1070" originy="0" style="Default" rotation="0" justify="right" flipped="False" hidden="False" data="NO" />
      <text name="pindes" originx="1160" originy="20" style="Default" rotation="0" justify="lowerleft" flipped="False" hidden="False" data="3" />
    </sympin>
    <sympin number="5" originx="1100" originy="-100" rotation="0" length="100" width="7.8740157480315" flipped="False">
      <text name="pinname" originx="1070" originy="-100" style="Default" rotation="0" justify="right" flipped="False" hidden="False" data="COIL_2" />
      <text name="pindes" originx="1160" originy="-80" style="Default" rotation="0" justify="lowerleft" flipped="False" hidden="False" data="5" />
    </sympin>
  </symbol>
  <component name="G5LE-1A4_DC3" designatorprefix="K" height="748.03149606298" footprint="G5LE1A4DC3">
    <comppin designator="1" sympin="1" pinswap="0" gateswap="0" gate="1" group="1" side="" type="Any" name="COM" />
    <comppin designator="2" sympin="2" pinswap="0" gateswap="0" gate="1" group="1" side="" type="Any" name="COIL_1" />
    <comppin designator="3" sympin="3" pinswap="0" gateswap="0" gate="1" group="1" side="" type="Any" name="NO" />
    <comppin designator="5" sympin="5" pinswap="0" gateswap="0" gate="1" group="1" side="" type="Any" name="COIL_2" />
    <attached_symbol gate="1" name="G5LE-1A4_DC3" />
    <pinmap designator="1" footprintpin="1" />
    <pinmap designator="2" footprintpin="2" />
    <pinmap designator="3" footprintpin="3" />
    <pinmap designator="5" footprintpin="4" />
    <text name="Datasheet" originx="0" originy="0" style="Default" rotation="0" justify="" flipped="False" hidden="True" data="http://www.omron.com/ecb/products/pdf/en-g5le.pdf" />
    <text name="Description" originx="0" originy="0" style="Default" rotation="0" justify="" flipped="False" hidden="True" data="General Purpose Relays Power PCB Relay" />
    <text name="Manufacturer_Name" originx="0" originy="0" style="Default" rotation="0" justify="" flipped="False" hidden="True" data="Omron Electronics" />
    <text name="Manufacturer_Part_Number" originx="1150" originy="200" style="Default" rotation="0" justify="left" flipped="False" hidden="False" data="G5LE-1A4 DC3" />
    <text name="Mouser Part Number" originx="0" originy="0" style="Default" rotation="0" justify="" flipped="False" hidden="True" data="653-G5LE-1A4DC3" />
    <text name="Mouser Price/Stock" originx="0" originy="0" style="Default" rotation="0" justify="" flipped="False" hidden="True" data="https://www.mouser.co.uk/ProductDetail/Omron-Electronics/G5LE-1A4-DC3?qs=wkx8pu8tL7IvWkjKUXxpCQ%3D%3D" />
    <text name="Arrow Part Number" originx="0" originy="0" style="Default" rotation="0" justify="" flipped="False" hidden="True" data="" />
    <text name="Arrow Price/Stock" originx="0" originy="0" style="Default" rotation="0" justify="" flipped="False" hidden="True" data="" />
  </component>
</quadcept_library>
