<?xml version="1.0" encoding="utf-8"?>
<!--/464348/950240/2.50/2/3/Undefined or Miscellaneous/-->
<quadcept_library>
  <setting unit="mil" />
  <textstyle name="Default" height="47.244094488189" strokewidth="7.8740157480315" charwidth="47.244094488189" />
  <textstyle name="Dimension" height="19.6850393700787" strokewidth="0" charwidth="19.6850393700787" />
  <textstyle name="H127W0635TH00762" height="50" strokewidth="3" charwidth="25" />
  <textstyle name="H15W15TH02" height="59.0551181102362" strokewidth="7.8740157480315" charwidth="59.0551181102362" />
  <padstyle name="s225_h150" surface="False" plated="True" isvia="False" nopaste="True" nomask="True" complex="False" holesize="59.055118110235">
    <padshape layer="TOP" shape="square" width="88.582677165353" height="88.582677165353" />
    <padshape layer="TOP_SOLDER_MASK" shape="square" width="96.456692913385" height="96.456692913385" />
    <padshape layer="INNER" shape="square" width="88.582677165353" height="88.582677165353" />
    <padshape layer="BOTTOM" shape="square" width="88.582677165353" height="88.582677165353" />
    <padshape layer="BOTTOM_SOLDER_MASK" shape="square" width="96.456692913385" height="96.456692913385" />
  </padstyle>
  <padstyle name="c225_h150" surface="False" plated="True" isvia="False" nopaste="True" nomask="True" complex="False" holesize="59.055118110235">
    <padshape layer="TOP" shape="round" width="88.582677165353" height="88.582677165353" />
    <padshape layer="TOP_SOLDER_MASK" shape="round" width="96.456692913385" height="96.456692913385" />
    <padshape layer="INNER" shape="round" width="88.582677165353" height="88.582677165353" />
    <padshape layer="BOTTOM" shape="round" width="88.582677165353" height="88.582677165353" />
    <padshape layer="BOTTOM_SOLDER_MASK" shape="round" width="96.456692913385" height="96.456692913385" />
  </padstyle>
  <padstyle name="c130_h260" surface="False" plated="True" isvia="False" nopaste="True" nomask="True" complex="False" holesize="102.36220472441">
    <padshape layer="TOP" shape="round" width="51.181102362204" height="51.181102362204" />
    <padshape layer="TOP_SOLDER_MASK" shape="round" width="59.055118110235" height="59.055118110235" />
    <padshape layer="INNER" shape="round" width="51.181102362204" height="51.181102362204" />
    <padshape layer="BOTTOM" shape="round" width="51.181102362204" height="51.181102362204" />
    <padshape layer="BOTTOM_SOLDER_MASK" shape="round" width="59.055118110235" height="59.055118110235" />
  </padstyle>
  <footprint name="696105003002" originx="0" originy="0" pickpointx="0" pickpointy="0">
    <pcbpin number="1" name="1" style="s225_h150" originx="0" originy="0" rotation="90" />
    <pcbpin number="2" name="2" style="c225_h150" originx="590.55118110236" originy="0" rotation="90" />
    <pcbpin number="3" name="MH1" style="c130_h260" originx="295.27559055118" originy="0" rotation="90" />
    <line layer="TOP_ASSEMBLY" originx="-185.03937007874" originy="185.03937007874" endx="775.59055118109" endy="185.03937007874" width="3.9370078740157" />
    <line layer="TOP_ASSEMBLY" originx="775.59055118109" originy="185.03937007874" endx="775.59055118109" endy="-185.03937007874" width="3.9370078740157" />
    <line layer="TOP_ASSEMBLY" originx="775.59055118109" originy="-185.03937007874" endx="-185.03937007874" endy="-185.03937007874" width="3.9370078740157" />
    <line layer="TOP_ASSEMBLY" originx="-185.03937007874" originy="-185.03937007874" endx="-185.03937007874" endy="185.03937007874" width="3.9370078740157" />
    <line layer="TOP_SILKSCREEN" originx="-185.03937007874" originy="185.03937007874" endx="775.59055118109" endy="185.03937007874" width="7.8740157480314" />
    <line layer="TOP_SILKSCREEN" originx="775.59055118109" originy="185.03937007874" endx="775.59055118109" endy="-185.03937007874" width="7.8740157480314" />
    <line layer="TOP_SILKSCREEN" originx="775.59055118109" originy="-185.03937007874" endx="-185.03937007874" endy="-185.03937007874" width="7.8740157480314" />
    <line layer="TOP_SILKSCREEN" originx="-185.03937007874" originy="-185.03937007874" endx="-185.03937007874" endy="185.03937007874" width="7.8740157480314" />
    <line layer="TOP_PLACE_BOUND" originx="-224.40944881889" originy="224.40944881889" endx="814.96062992125" endy="224.40944881889" width="3.9370078740157" />
    <line layer="TOP_PLACE_BOUND" originx="814.96062992125" originy="224.40944881889" endx="814.96062992125" endy="-224.40944881889" width="3.9370078740157" />
    <line layer="TOP_PLACE_BOUND" originx="814.96062992125" originy="-224.40944881889" endx="-224.40944881889" endy="-224.40944881889" width="3.9370078740157" />
    <line layer="TOP_PLACE_BOUND" originx="-224.40944881889" originy="-224.40944881889" endx="-224.40944881889" endy="224.40944881889" width="3.9370078740157" />
    <line layer="TOP_SILKSCREEN" originx="-204.72440944882" originy="0" endx="-204.72440944882" endy="0" width="3.9370078740157" />
    <arc layer="TOP_SILKSCREEN" originx="-206.69291338582" originy="0" startangle=".0" sweepangle="180.0" radius="1.9685039370079" width="3.9370078740157" />
    <line layer="TOP_SILKSCREEN" originx="-208.66141732283" originy="0" endx="-208.66141732283" endy="0" width="3.9370078740157" />
    <arc layer="TOP_SILKSCREEN" originx="-206.69291338582" originy="0" startangle="-180.0" sweepangle="180.0" radius="1.9685039370079" width="3.9370078740157" />
  </footprint>
  <symbol name="696105003002" originx="0" originy="0">
    <line originx="200" originy="100" endx="600" endy="100" width="0" />
    <line originx="600" originy="-200" endx="600" endy="100" width="0" />
    <line originx="600" originy="-200" endx="200" endy="-200" width="0" />
    <line originx="200" originy="100" endx="200" endy="-200" width="0" />
    <sympin number="1" originx="200" originy="0" rotation="180" length="100" width="7.8740157480315" flipped="False">
      <text name="pinname" originx="230" originy="0" style="Default" rotation="0" justify="left" flipped="False" hidden="False" data="1" />
      <text name="pindes" originx="140" originy="20" style="Default" rotation="0" justify="lowerright" flipped="False" hidden="False" data="1" />
    </sympin>
    <sympin number="2" originx="200" originy="-100" rotation="180" length="100" width="7.8740157480315" flipped="False">
      <text name="pinname" originx="230" originy="-100" style="Default" rotation="0" justify="left" flipped="False" hidden="False" data="2" />
      <text name="pindes" originx="140" originy="-80" style="Default" rotation="0" justify="lowerright" flipped="False" hidden="False" data="2" />
    </sympin>
  </symbol>
  <component name="696105003002" designatorprefix="U" height="456.69291338582" footprint="696105003002">
    <comppin designator="1" sympin="1" pinswap="0" gateswap="0" gate="1" group="1" side="" type="Any" name="1" />
    <comppin designator="2" sympin="2" pinswap="0" gateswap="0" gate="1" group="1" side="" type="Any" name="2" />
    <attached_symbol gate="1" name="696105003002" />
    <pinmap designator="1" footprintpin="1" />
    <pinmap designator="2" footprintpin="2" />
    <text name="Datasheet" originx="0" originy="0" style="Default" rotation="0" justify="" flipped="False" hidden="True" data="https://www.we-online.com/catalog/datasheet/696105003002.pdf" />
    <text name="Description" originx="0" originy="0" style="Default" rotation="0" justify="" flipped="False" hidden="True" data="Fuse Block 10 A 250V 1 Circuit Cartridge Through Hole" />
    <text name="Manufacturer_Name" originx="0" originy="0" style="Default" rotation="0" justify="" flipped="False" hidden="True" data="Wurth Elektronik" />
    <text name="Manufacturer_Part_Number" originx="650" originy="200" style="Default" rotation="0" justify="left" flipped="False" hidden="False" data="696105003002" />
    <text name="Mouser Part Number" originx="0" originy="0" style="Default" rotation="0" justify="" flipped="False" hidden="True" data="710-696105003002" />
    <text name="Mouser Price/Stock" originx="0" originy="0" style="Default" rotation="0" justify="" flipped="False" hidden="True" data="https://www.mouser.co.uk/ProductDetail/Wurth-Elektronik/696105003002?qs=%252BEew9%252B0nqrBA0IZP%252B5K6Dw%3D%3D" />
    <text name="Arrow Part Number" originx="0" originy="0" style="Default" rotation="0" justify="" flipped="False" hidden="True" data="" />
    <text name="Arrow Price/Stock" originx="0" originy="0" style="Default" rotation="0" justify="" flipped="False" hidden="True" data="" />
  </component>
</quadcept_library>
